EliotHiggins,glaser_holly
EliotHiggins,Knight22122
EliotHiggins,enthual
EliotHiggins,dgaytandzhieva
nickreeves9876,katariinafella
nickreeves9876,Josetatu16
nickreeves9876,kirimba
nickreeves9876,kirimba
nickreeves9876,kirimba
nickreeves9876,kirimba
nickreeves9876,NovelSci
nickreeves9876,RosChappell
nickreeves9876,NovelSci
nickreeves9876,NovelSci
nickreeves9876,NovelSci
nickreeves9876,NovelSci
nickreeves9876,NovelSci
nickreeves9876,nseskuria
dgaytandzhieva,EliotHiggins
dgaytandzhieva,EliotHiggins
the__dude98,PaperMissiles
the__dude98,M_C_Klein
the__dude98,Coffeeisforclo1
the__dude98,Coffeeisforclo1
the__dude98,Coffeeisforclo1
the__dude98,MIL_STD
the__dude98,MIL_STD
the__dude98,MIL_STD
the__dude98,MIL_STD
the__dude98,laurimyllyvirta
the__dude98,laurimyllyvirta
the__dude98,MarkSimonHK
the__dude98,MarkSimonHK
the__dude98,MIL_STD
the__dude98,MIL_STD
the__dude98,M_C_Klein
mbrg982,BorderlandU
mbrg982,BorderlandU
daphlawless,ProgIntr
daphlawless,buffsoldier_96
daphlawless,ProgIntr
daphlawless,buffsoldier_96
daphlawless,buffsoldier_96
daphlawless,buffsoldier_96
daphlawless,buffsoldier_96
daphlawless,JaqTweedie
daphlawless,SamvgWr
mcwlod,ZofiaWieraszko
mcwlod,JJemiola
Khaymansete,PuenteUribarri
Khaymansete,PuenteUribarri
Khaymansete,markkingsthumb
Andrew__Roth,Mike_Eckel
Andrew__Roth,Mike_Eckel
Andrew__Roth,PjotrSauer
Andrew__Roth,PjotrSauer
SjoerdNolf,StefanPaas
SjoerdNolf,StefanPaas
SjoerdNolf,StefanPaas
SjoerdNolf,StefanPaas
SjoerdNolf,StefanPaas
SjoerdNolf,StefanPaas
SjoerdNolf,StefanPaas
SjoerdNolf,StefanPaas
SjoerdNolf,StefanPaas
SjoerdNolf,StefanPaas
SjoerdNolf,StefanPaas
SjoerdNolf,StefanPaas
SjoerdNolf,evdwo
SjoerdNolf,StefanPaas
SjoerdNolf,StefanPaas
glaser_holly,samsterdam38
glaser_holly,DavidLe31352870
glaser_holly,DavidLe31352870
glaser_holly,cabocush
glaser_holly,fortisradix
glaser_holly,DocMartinDub
glaser_holly,EliotHiggins
ForensicArchi,alhaq_org
ForensicArchi,alhaq_org
ForensicArchi,alhaq_org
ForensicArchi,alhaq_org
TFL1728,elyonmask
TFL1728,Alimasubway
TFL1728,hazkaz2001
TFL1728,LenPenzo
TFL1728,InalienablyFree
TFL1728,InalienablyFree
TFL1728,stats_btc
TFL1728,BrettHar123
TFL1728,tomchmielarz
TFL1728,stats_btc
TFL1728,GlobalWitness2
TFL1728,democrat_good
TFL1728,tomkiwi
TFL1728,GildaMundson
TFL1728,Jack3737
TFL1728,notsellingearly
TFL1728,notsellingearly
TFL1728,dabonestroo
TFL1728,Scrappy95235745
TFL1728,tw_gato
TFL1728,tw_gato
TFL1728,hazkaz2001
TFL1728,loosedemon1
TFL1728,pringlestax
TFL1728,plav1951
TFL1728,AMoneyfest
enthual,EliotHiggins
enthual,EliotHiggins
enthual,emanmohammedD
sarahussein,BizarreJourneys
sarahussein,damonwake
sarahussein,j_fleuri
sarahussein,j_fleuri
sarahussein,safecast
sarahussein,bahirairl
sarahussein,YukariSakamoto
sarahussein,akannampilly
sarahussein,gavafox
Knight22122,newsjunkieww3
Knight22122,EliotHiggins
Knight22122,aloha_coiner
Knight22122,EliotHiggins
emanmohammedD,enthual
emanmohammedD,enthual
j_fleuri,sarahussein
akannampilly,sarahussein
JaqTweedie,daphlawless
JaqTweedie,daphlawless
JaqTweedie,daphlawless
Mike_Eckel,Andrew__Roth
Mike_Eckel,Andrew__Roth
Mike_Eckel,Andrew__Roth
aloha_coiner,Knight22122
aloha_coiner,Knight22122
GlobalWitness2,TFL1728
GlobalWitness2,TFL1728
MikeBlack114,revhowardarson
MikeBlack114,revhowardarson
saintjavelin,saintjavelin
ObektivnoBg,ObektivnoBg
ObektivnoBg,ObektivnoBg
ObektivnoBg,ObektivnoBg
ObektivnoBg,ObektivnoBg
ObektivnoBg,ObektivnoBg
ObektivnoBg,ObektivnoBg
ObektivnoBg,ObektivnoBg
ObektivnoBg,ObektivnoBg
ObektivnoBg,ObektivnoBg
ObektivnoBg,ObektivnoBg
ObektivnoBg,ObektivnoBg
ObektivnoBg,ObektivnoBg
ObektivnoBg,ObektivnoBg
ObektivnoBg,ObektivnoBg
ObektivnoBg,ObektivnoBg
ObektivnoBg,ObektivnoBg
ObektivnoBg,ObektivnoBg
ObektivnoBg,ObektivnoBg
ObektivnoBg,ObektivnoBg
ObektivnoBg,ObektivnoBg
ObektivnoBg,ObektivnoBg
ObektivnoBg,ObektivnoBg
ObektivnoBg,ObektivnoBg
ObektivnoBg,ObektivnoBg
ObektivnoBg,ObektivnoBg
ObektivnoBg,ObektivnoBg
ObektivnoBg,ObektivnoBg
ObektivnoBg,ObektivnoBg
ObektivnoBg,ObektivnoBg
ObektivnoBg,ObektivnoBg
ObektivnoBg,ObektivnoBg
ObektivnoBg,ObektivnoBg
ObektivnoBg,ObektivnoBg
ObektivnoBg,ObektivnoBg
ObektivnoBg,ObektivnoBg
ObektivnoBg,ObektivnoBg
ObektivnoBg,ObektivnoBg
ObektivnoBg,ObektivnoBg
ObektivnoBg,ObektivnoBg
ObektivnoBg,ObektivnoBg
ObektivnoBg,ObektivnoBg
ObektivnoBg,ObektivnoBg
ObektivnoBg,ObektivnoBg
ObektivnoBg,ObektivnoBg
ObektivnoBg,ObektivnoBg
ObektivnoBg,ObektivnoBg
ObektivnoBg,ObektivnoBg
ObektivnoBg,ObektivnoBg
scott7523,john_sipher
pringlestax,TFL1728
pringlestax,TFL1728
pringlestax,TFL1728
pringlestax,TFL1728
pringlestax,TFL1728
risestjames,risestjames
risestjames,risestjames
evdwo,SjoerdNolf
JJemiola,mcwlod
JJemiola,mcwlod
nseskuria,nickreeves9876
nseskuria,nickreeves9876
StefanPaas,SjoerdNolf
StefanPaas,SjoerdNolf
StefanPaas,SjoerdNolf
StefanPaas,SjoerdNolf
GildaMundson,TFL1728
GildaMundson,TFL1728
GildaMundson,TFL1728
DocMartinDub,glaser_holly
buffsoldier_96,ProgIntr
buffsoldier_96,daphlawless
buffsoldier_96,daphlawless
buffsoldier_96,daphlawless
BrettHar123,TFL1728
alhaq_org,ForensicArchi
alhaq_org,ForensicArchi
alhaq_org,ForensicArchi
alhaq_org,ForensicArchi
MBielieskov,PhillipsPOBrien
tomchmielarz,TFL1728
tomchmielarz,TFL1728
tomchmielarz,TFL1728
tomchmielarz,TFL1728
tomchmielarz,TFL1728
tomchmielarz,TFL1728
tomchmielarz,TFL1728
tomchmielarz,TFL1728
tomchmielarz,TFL1728
samsterdam38,glaser_holly
Alimasubway,TFL1728
Alimasubway,TFL1728
Alimasubway,TFL1728
Flash_news_ua,Flash_news_ua
Flash_news_ua,Flash_news_ua
Flash_news_ua,Flash_news_ua
Flash_news_ua,Flash_news_ua
Flash_news_ua,Flash_news_ua
Flash_news_ua,Flash_news_ua
Flash_news_ua,Flash_news_ua
Flash_news_ua,Flash_news_ua
Flash_news_ua,Flash_news_ua
Flash_news_ua,Flash_news_ua
Flash_news_ua,Flash_news_ua
Flash_news_ua,Flash_news_ua
Flash_news_ua,Flash_news_ua
Flash_news_ua,Flash_news_ua
Flash_news_ua,Flash_news_ua
katariinafella,nickreeves9876
bahirairl,sarahussein
PuenteUribarri,Khaymansete
Jowita_W,WBiedron
PhillipsPOBrien,MBielieskov
safecast,sarahussein
BorderlandU,mbrg982
BorderlandU,mbrg982
damonwake,sarahussein
damonwake,gavafox
TheBaseLeg,BDHerzinger
TheBaseLeg,mgerrydoyle
TheBaseLeg,mgerrydoyle
TheBaseLeg,mgerrydoyle
AMoneyfest,TFL1728
tw_gato,TFL1728
tw_gato,TFL1728
kirimba,nickreeves9876
kirimba,nickreeves9876
kirimba,nickreeves9876
mgerrydoyle,BDHerzinger
mgerrydoyle,TheBaseLeg
mgerrydoyle,TheBaseLeg
DailyMailUK,DailyMailUK
plav1951,TFL1728
BrennanCenter,BrennanCenter
Coffeeisforclo1,the__dude98
Coffeeisforclo1,the__dude98
Coffeeisforclo1,the__dude98
M_C_Klein,the__dude98
loosedemon1,Scrappy95235745
loosedemon1,Scrappy95235745
loosedemon1,TFL1728
democrat_good,TFL1728
democrat_good,TFL1728
democrat_good,TFL1728
democrat_good,TFL1728
13BulliTs,Noah31070
13BulliTs,NafoOpsec
hazkaz2001,TFL1728
hazkaz2001,TFL1728
hazkaz2001,TFL1728
hazkaz2001,TFL1728
hazkaz2001,TFL1728
hazkaz2001,TFL1728
hazkaz2001,TFL1728
hazkaz2001,TFL1728
hazkaz2001,TFL1728
hazkaz2001,TFL1728
hazkaz2001,TFL1728
hazkaz2001,TFL1728
hazkaz2001,TFL1728
hazkaz2001,TFL1728
MarkSimonHK,the__dude98
dabonestroo,TFL1728
dabonestroo,TFL1728
dabonestroo,TFL1728
newsjunkieww3,Knight22122
akihheikkinen,vcdgf555
elyonmask,TFL1728
elyonmask,TFL1728
elyonmask,TFL1728
elyonmask,TFL1728
elyonmask,TFL1728
elyonmask,TFL1728
elyonmask,TFL1728
elyonmask,TFL1728
YukariSakamoto,sarahussein
YukariSakamoto,sarahussein
revhowardarson,MikeBlack114
RosChappell,nickreeves9876
PaperMissiles,the__dude98
gavafox,damonwake
gavafox,damonwake
gavafox,sarahussein
DavidLe31352870,glaser_holly
InalienablyFree,TFL1728
InalienablyFree,TFL1728
InalienablyFree,TFL1728
InalienablyFree,TFL1728
MIL_STD,the__dude98
MIL_STD,the__dude98
MIL_STD,the__dude98
MIL_STD,the__dude98
BizarreJourneys,sarahussein
BizarreJourneys,sarahussein
BizarreJourneys,sarahussein
BizarreJourneys,sarahussein
BizarreJourneys,sarahussein
BDHerzinger,mgerrydoyle
BDHerzinger,TheBaseLeg
BDHerzinger,mgerrydoyle
BDHerzinger,mgerrydoyle
vcdgf555,akihheikkinen
Josetatu16,nickreeves9876
WBiedron,Jowita_W
AP,AP
notsellingearly,TFL1728
notsellingearly,TFL1728
notsellingearly,TFL1728
notsellingearly,TFL1728
SamvgWr,daphlawless
SamvgWr,daphlawless
ProgIntr,daphlawless
ProgIntr,daphlawless
ProgIntr,buffsoldier_96
ProgIntr,daphlawless
stats_btc,TFL1728
stats_btc,TFL1728
stats_btc,TFL1728
Noah31070,13BulliTs
Noah31070,13BulliTs
markkingsthumb,Khaymansete
NovelSci,nickreeves9876
NovelSci,nickreeves9876
LenPenzo,TFL1728
Scrappy95235745,loosedemon1
Scrappy95235745,TFL1728
cabocush,glaser_holly
laurimyllyvirta,the__dude98
laurimyllyvirta,the__dude98
laurimyllyvirta,the__dude98
laurimyllyvirta,the__dude98
laurimyllyvirta,the__dude98
laurimyllyvirta,the__dude98
AFP,AFP
AFP,AFP
john_sipher,scott7523
fortisradix,glaser_holly
fortisradix,glaser_holly
PjotrSauer,Andrew__Roth
Jack3737,TFL1728
Jack3737,TFL1728
tomkiwi,TFL1728
tomkiwi,TFL1728
ZofiaWieraszko,mcwlod
ZofiaWieraszko,mcwlod
NafoOpsec,13BulliTs
NafoOpsec,13BulliTs
NafoOpsec,13BulliTs
NafoOpsec,13BulliTs
